-- phpMyAdmin SQL Dump
-- version 5.2.0
-- https://www.phpmyadmin.net/
--
-- Hôte : localhost:8889
-- Généré le : jeu. 12 oct. 2023 à 19:00
-- Version du serveur : 5.7.39
-- Version de PHP : 7.4.33

SET SQL_MODE = "NO_AUTO_VALUE_ON_ZERO";
START TRANSACTION;
SET time_zone = "+00:00";


/*!40101 SET @OLD_CHARACTER_SET_CLIENT=@@CHARACTER_SET_CLIENT */;
/*!40101 SET @OLD_CHARACTER_SET_RESULTS=@@CHARACTER_SET_RESULTS */;
/*!40101 SET @OLD_COLLATION_CONNECTION=@@COLLATION_CONNECTION */;
/*!40101 SET NAMES utf8mb4 */;

--
-- Base de données : `exo_insta`
--

--
-- Déchargement des données de la table `comment`
--

INSERT INTO `comment` (`id`, `post_id`, `user_id`, `content`, `created_at`) VALUES
(26, 22, 27, 'Quo delectus qui beatae omnis', '2023-10-12 17:20:57'),
(28, 19, 25, 'hi barbie !', '2023-10-12 17:25:54'),
(29, 28, 25, 'Lorem ipsum dolor sit amet.', '2023-10-12 17:26:23'),
(30, 20, 25, 'Eos aliquam repellat non similique', '2023-10-12 17:50:42'),
(31, 29, 25, 'Eos aliquam repellat non similique', '2023-10-12 17:50:46'),
(32, 28, 25, 'Eos aliquam repellat non similique', '2023-10-12 17:50:50'),
(33, 24, 25, 'Eos aliquam repellat non similique', '2023-10-12 17:51:10'),
(34, 23, 24, 'Eos aliquam repellat non similique', '2023-10-12 17:56:00'),
(35, 34, 22, 'Et expedita ipsam sed ullam vitae eum doloribus cumque.', '2023-10-12 18:01:57'),
(37, 33, 22, 'Et expedita ipsam sed ullam vitae eum doloribus cumque.', '2023-10-12 18:02:17'),
(38, 44, 21, 'A nihil tempore id suscipit fuga qui expedita similique qui aperiam galisum', '2023-10-12 18:05:15'),
(39, 42, 21, 'A nihil tempore id suscipit fuga qui expedita similique qui aperiam galisum', '2023-10-12 18:05:29'),
(40, 23, 21, 'A nihil tempore id suscipit fuga qui expedita similique qui aperiam galisum', '2023-10-12 18:05:45'),
(41, 23, 20, 'Sit mollitia quae sit officiis ipsa ut delectus veritatis ab natus temporibus non galisum dolorum.', '2023-10-12 18:08:20'),
(42, 22, 20, 'Sit mollitia quae sit officiis ipsa ut delectus veritatis ab natus temporibus non galisum dolorum.', '2023-10-12 18:08:33'),
(43, 20, 20, 'Sit mollitia quae sit officiis ipsa ut delectus veritatis ab natus temporibus non galisum dolorum.', '2023-10-12 18:08:40'),
(44, 54, 19, 'ut maiores dolore a facilis itaque eum officia', '2023-10-12 18:11:47'),
(45, 53, 19, 'ut maiores dolore a facilis itaque eum officia', '2023-10-12 18:11:51'),
(46, 49, 19, 'ut maiores dolore a facilis itaque eum officia', '2023-10-12 18:11:56'),
(47, 20, 19, 'ut maiores dolore a facilis itaque eum officia', '2023-10-12 18:12:05'),
(48, 33, 19, 'ut maiores dolore a facilis itaque eum officia', '2023-10-12 18:12:14'),
(49, 60, 18, 'Ea deserunt sapiente et recusandae atque a libero molestiae.', '2023-10-12 18:15:27'),
(50, 59, 18, 'Ea deserunt sapiente et recusandae atque a libero molestiae.', '2023-10-12 18:15:35'),
(51, 54, 18, 'Ea deserunt sapiente et recusandae atque a libero molestiae.', '2023-10-12 18:15:41'),
(52, 44, 18, 'Ea deserunt sapiente et recusandae atque a libero molestiae.', '2023-10-12 18:15:48'),
(53, 60, 16, 'Eum suscipit expedita in rerum minima ab consectetur asperiores.', '2023-10-12 18:22:20'),
(54, 44, 16, 'Eum suscipit expedita in rerum', '2023-10-12 18:22:44'),
(55, 29, 10, 'Hic dolor doloremque eos nobis ipsum in nostrum possimus', '2023-10-12 18:28:23'),
(56, 28, 10, 'ut maiores dolore a facilis itaque eum officia', '2023-10-12 18:28:32'),
(57, 60, 10, 'Ea deserunt sapiente et recusandae atque a libero molestiae.', '2023-10-12 18:28:39'),
(58, 59, 10, 'ut maiores dolore a facilis itaque eum officia', '2023-10-12 18:28:46'),
(59, 64, 10, 'ut maiores dolore a facilis itaque eum officia', '2023-10-12 18:46:39'),
(60, 29, 11, 'Eos aliquam repellat non similique', '2023-10-12 18:49:42'),
(61, 28, 11, 'ut maiores dolore a facilis itaque eum officia', '2023-10-12 18:49:52'),
(62, 63, 12, 'ut maiores dolore a facilis itaque eum officia', '2023-10-12 18:54:42'),
(63, 59, 12, 'Et expedita ipsam sed ullam vitae eum doloribus cumque.', '2023-10-12 18:54:48'),
(64, 44, 12, 'Eos aliquam repellat non similique', '2023-10-12 18:54:54'),
(65, 63, 14, 'ut maiores dolore a facilis itaque eum officia', '2023-10-12 18:58:45'),
(66, 60, 14, 'ut maiores dolore a facilis itaque eum officia', '2023-10-12 18:58:52'),
(67, 60, 14, 'Ea deserunt sapiente et recusandae atque a libero molestiae.', '2023-10-12 18:58:58'),
(68, 23, 14, 'ut maiores dolore a facilis itaque eum officia', '2023-10-12 18:59:06');

--
-- Déchargement des données de la table `doctrine_migration_versions`
--

INSERT INTO `doctrine_migration_versions` (`version`, `executed_at`, `execution_time`) VALUES
('DoctrineMigrations\\Version20230425104755', '2023-04-25 10:48:01', 398);

--
-- Déchargement des données de la table `following`
--

INSERT INTO `following` (`id`, `user_id`, `target_user_id`, `created_at`) VALUES
(67, 8, 9, '2023-06-29 14:15:27'),
(68, 8, 10, '2023-06-29 14:15:31'),
(69, 8, 11, '2023-06-29 14:15:36'),
(71, 10, 8, '2023-07-04 08:39:23'),
(72, 11, 8, '2023-07-04 08:39:40'),
(74, 9, 11, '2023-07-04 10:16:41'),
(75, 8, 14, '2023-07-05 22:57:19'),
(76, 30, 19, '2023-10-12 14:29:35'),
(77, 30, 20, '2023-10-12 14:29:50'),
(78, 30, 29, '2023-10-12 14:29:56'),
(79, 30, 10, '2023-10-12 14:30:13'),
(80, 30, 14, '2023-10-12 14:30:26'),
(81, 30, 21, '2023-10-12 14:30:38'),
(82, 30, 16, '2023-10-12 14:30:47'),
(83, 30, 17, '2023-10-12 14:30:55'),
(84, 30, 18, '2023-10-12 14:31:06'),
(86, 30, 26, '2023-10-12 14:31:13'),
(87, 30, 24, '2023-10-12 14:31:20'),
(88, 29, 10, '2023-10-12 14:32:04'),
(89, 29, 18, '2023-10-12 14:32:08'),
(90, 29, 19, '2023-10-12 14:32:13'),
(91, 29, 20, '2023-10-12 14:32:18'),
(92, 29, 22, '2023-10-12 14:32:23'),
(93, 29, 30, '2023-10-12 14:34:17'),
(94, 28, 12, '2023-10-12 14:36:02'),
(95, 8, 19, '2023-10-12 17:15:03'),
(96, 8, 20, '2023-10-12 17:15:08'),
(97, 8, 29, '2023-10-12 17:16:24'),
(98, 8, 30, '2023-10-12 17:16:30'),
(99, 8, 26, '2023-10-12 17:16:43'),
(100, 8, 13, '2023-10-12 17:16:51'),
(101, 8, 12, '2023-10-12 17:16:55'),
(102, 8, 24, '2023-10-12 17:17:00'),
(103, 8, 18, '2023-10-12 17:17:06'),
(104, 8, 27, '2023-10-12 17:17:16'),
(105, 8, 15, '2023-10-12 17:17:21'),
(106, 27, 12, '2023-10-12 17:18:16'),
(107, 27, 13, '2023-10-12 17:18:20'),
(109, 27, 24, '2023-10-12 17:18:29'),
(110, 27, 26, '2023-10-12 17:18:34'),
(111, 27, 18, '2023-10-12 17:18:48'),
(112, 27, 10, '2023-10-12 17:18:53'),
(113, 27, 20, '2023-10-12 17:18:59'),
(114, 27, 22, '2023-10-12 17:19:03'),
(115, 27, 29, '2023-10-12 17:19:10'),
(116, 27, 8, '2023-10-12 17:19:22'),
(117, 25, 12, '2023-10-12 17:22:59'),
(118, 25, 13, '2023-10-12 17:23:05'),
(119, 25, 18, '2023-10-12 17:23:10'),
(120, 25, 24, '2023-10-12 17:23:14'),
(121, 25, 26, '2023-10-12 17:23:19'),
(122, 25, 8, '2023-10-12 17:23:33'),
(123, 25, 21, '2023-10-12 17:24:22'),
(124, 25, 30, '2023-10-12 17:24:26'),
(125, 25, 15, '2023-10-12 17:24:31'),
(126, 25, 14, '2023-10-12 17:25:06'),
(127, 25, 20, '2023-10-12 17:25:10'),
(128, 25, 23, '2023-10-12 17:25:15'),
(129, 25, 28, '2023-10-12 17:25:20'),
(130, 24, 10, '2023-10-12 17:54:26'),
(131, 24, 18, '2023-10-12 17:54:39'),
(132, 24, 19, '2023-10-12 17:54:44'),
(133, 24, 20, '2023-10-12 17:54:49'),
(134, 24, 22, '2023-10-12 17:54:55'),
(135, 24, 29, '2023-10-12 17:55:01'),
(136, 24, 12, '2023-10-12 17:55:15'),
(137, 24, 13, '2023-10-12 17:55:21'),
(138, 24, 26, '2023-10-12 17:55:31'),
(139, 23, 12, '2023-10-12 17:56:44'),
(140, 23, 13, '2023-10-12 17:56:49'),
(141, 23, 18, '2023-10-12 17:56:54'),
(142, 23, 24, '2023-10-12 17:56:59'),
(143, 23, 26, '2023-10-12 17:57:04'),
(144, 23, 10, '2023-10-12 17:57:15'),
(145, 23, 19, '2023-10-12 17:57:24'),
(146, 23, 20, '2023-10-12 17:57:28'),
(147, 23, 29, '2023-10-12 17:57:33'),
(148, 23, 15, '2023-10-12 17:57:43'),
(149, 23, 21, '2023-10-12 17:57:48'),
(150, 23, 30, '2023-10-12 17:57:53'),
(151, 22, 12, '2023-10-12 18:00:16'),
(152, 22, 13, '2023-10-12 18:00:20'),
(153, 22, 18, '2023-10-12 18:00:25'),
(154, 22, 24, '2023-10-12 18:00:30'),
(155, 22, 26, '2023-10-12 18:00:35'),
(156, 22, 10, '2023-10-12 18:00:45'),
(157, 22, 19, '2023-10-12 18:00:54'),
(158, 22, 20, '2023-10-12 18:00:59'),
(159, 22, 21, '2023-10-12 18:01:14'),
(160, 22, 15, '2023-10-12 18:01:18'),
(161, 22, 27, '2023-10-12 18:01:23'),
(162, 22, 30, '2023-10-12 18:01:27'),
(163, 21, 12, '2023-10-12 18:03:44'),
(164, 21, 13, '2023-10-12 18:03:48'),
(165, 21, 24, '2023-10-12 18:03:52'),
(167, 21, 26, '2023-10-12 18:04:00'),
(168, 21, 10, '2023-10-12 18:04:13'),
(169, 21, 18, '2023-10-12 18:04:18'),
(170, 21, 19, '2023-10-12 18:04:24'),
(171, 21, 20, '2023-10-12 18:04:29'),
(172, 21, 22, '2023-10-12 18:04:35'),
(173, 21, 29, '2023-10-12 18:04:40'),
(174, 20, 10, '2023-10-12 18:07:35'),
(175, 20, 19, '2023-10-12 18:07:40'),
(176, 20, 29, '2023-10-12 18:07:45'),
(177, 20, 30, '2023-10-12 18:07:50'),
(178, 19, 18, '2023-10-12 18:10:14'),
(179, 19, 20, '2023-10-12 18:10:19'),
(180, 19, 29, '2023-10-12 18:10:24'),
(181, 19, 15, '2023-10-12 18:10:33'),
(182, 19, 21, '2023-10-12 18:10:38'),
(183, 19, 27, '2023-10-12 18:10:43'),
(184, 19, 30, '2023-10-12 18:10:50'),
(185, 19, 12, '2023-10-12 18:11:06'),
(186, 19, 13, '2023-10-12 18:11:11'),
(187, 19, 24, '2023-10-12 18:11:15'),
(188, 19, 26, '2023-10-12 18:11:20'),
(189, 18, 19, '2023-10-12 18:13:53'),
(190, 18, 20, '2023-10-12 18:13:59'),
(191, 18, 22, '2023-10-12 18:14:05'),
(192, 18, 29, '2023-10-12 18:14:10'),
(193, 18, 12, '2023-10-12 18:14:19'),
(194, 18, 13, '2023-10-12 18:14:23'),
(195, 18, 24, '2023-10-12 18:14:28'),
(196, 18, 26, '2023-10-12 18:14:32'),
(197, 18, 21, '2023-10-12 18:14:41'),
(198, 18, 27, '2023-10-12 18:14:45'),
(199, 18, 30, '2023-10-12 18:14:50'),
(200, 18, 15, '2023-10-12 18:14:53'),
(201, 17, 12, '2023-10-12 18:17:18'),
(202, 17, 13, '2023-10-12 18:17:22'),
(203, 17, 18, '2023-10-12 18:17:26'),
(204, 17, 24, '2023-10-12 18:17:31'),
(205, 17, 26, '2023-10-12 18:17:35'),
(206, 17, 10, '2023-10-12 18:17:45'),
(207, 17, 19, '2023-10-12 18:17:51'),
(208, 17, 20, '2023-10-12 18:17:55'),
(209, 17, 22, '2023-10-12 18:17:59'),
(210, 17, 29, '2023-10-12 18:18:04'),
(211, 16, 18, '2023-10-12 18:21:20'),
(212, 16, 19, '2023-10-12 18:21:25'),
(213, 16, 20, '2023-10-12 18:21:29'),
(214, 16, 22, '2023-10-12 18:21:33'),
(215, 16, 29, '2023-10-12 18:21:38'),
(216, 16, 12, '2023-10-12 18:21:45'),
(217, 16, 13, '2023-10-12 18:21:50'),
(218, 16, 24, '2023-10-12 18:21:55'),
(219, 16, 26, '2023-10-12 18:21:59'),
(220, 10, 18, '2023-10-12 18:27:27'),
(221, 10, 19, '2023-10-12 18:27:30'),
(222, 10, 20, '2023-10-12 18:27:34'),
(223, 10, 22, '2023-10-12 18:27:39'),
(224, 10, 29, '2023-10-12 18:27:44'),
(225, 10, 15, '2023-10-12 18:27:52'),
(226, 10, 21, '2023-10-12 18:27:55'),
(227, 10, 27, '2023-10-12 18:27:59'),
(228, 10, 30, '2023-10-12 18:28:03'),
(229, 11, 12, '2023-10-12 18:48:58'),
(230, 11, 13, '2023-10-12 18:49:04'),
(231, 11, 18, '2023-10-12 18:49:09'),
(232, 11, 24, '2023-10-12 18:49:14'),
(233, 11, 26, '2023-10-12 18:49:18'),
(234, 9, 12, '2023-10-12 18:51:07'),
(235, 9, 13, '2023-10-12 18:51:12'),
(237, 9, 24, '2023-10-12 18:51:21'),
(238, 9, 26, '2023-10-12 18:51:25'),
(239, 9, 10, '2023-10-12 18:51:36'),
(240, 9, 18, '2023-10-12 18:51:48'),
(241, 9, 19, '2023-10-12 18:51:53'),
(242, 9, 20, '2023-10-12 18:51:57'),
(243, 9, 29, '2023-10-12 18:52:02'),
(244, 12, 10, '2023-10-12 18:53:13'),
(245, 12, 18, '2023-10-12 18:53:17'),
(246, 12, 19, '2023-10-12 18:53:21'),
(247, 12, 20, '2023-10-12 18:53:26'),
(248, 12, 22, '2023-10-12 18:53:31'),
(249, 12, 29, '2023-10-12 18:53:36'),
(250, 12, 13, '2023-10-12 18:53:51'),
(251, 12, 24, '2023-10-12 18:53:58'),
(252, 12, 26, '2023-10-12 18:54:02'),
(253, 13, 10, '2023-10-12 18:56:37'),
(254, 13, 18, '2023-10-12 18:56:41'),
(255, 13, 19, '2023-10-12 18:56:45'),
(256, 13, 20, '2023-10-12 18:56:49'),
(257, 13, 22, '2023-10-12 18:56:53'),
(258, 13, 29, '2023-10-12 18:56:57'),
(259, 13, 12, '2023-10-12 18:57:05'),
(260, 13, 24, '2023-10-12 18:57:09'),
(261, 13, 26, '2023-10-12 18:57:12'),
(262, 14, 18, '2023-10-12 18:58:24'),
(263, 14, 19, '2023-10-12 18:58:28'),
(264, 14, 22, '2023-10-12 18:58:32'),
(265, 14, 29, '2023-10-12 18:58:36');

--
-- Déchargement des données de la table `like`
--

INSERT INTO `like` (`id`, `post_id`, `user_id`) VALUES
(53, 22, 27),
(54, 23, 27),
(57, 29, 27),
(58, 28, 27),
(59, 19, 25),
(60, 20, 25),
(62, 29, 25),
(63, 24, 25),
(64, 28, 25),
(65, 22, 24),
(66, 23, 24),
(67, 40, 23),
(68, 23, 23),
(69, 22, 23),
(70, 20, 23),
(71, 19, 23),
(72, 34, 22),
(73, 33, 22),
(74, 20, 22),
(75, 19, 22),
(76, 44, 21),
(77, 42, 21),
(78, 23, 21),
(79, 22, 21),
(80, 23, 20),
(81, 22, 20),
(82, 19, 20),
(83, 54, 19),
(84, 53, 19),
(85, 22, 19),
(86, 19, 19),
(87, 62, 18),
(88, 61, 18),
(89, 60, 18),
(90, 48, 18),
(91, 44, 18),
(92, 19, 18),
(93, 54, 18),
(94, 59, 18),
(95, 64, 17),
(96, 60, 17),
(97, 64, 16),
(98, 63, 16),
(99, 22, 16),
(100, 42, 16),
(101, 29, 10),
(103, 28, 11),
(104, 29, 11),
(105, 63, 11),
(106, 73, 9),
(107, 73, 12),
(108, 72, 12),
(109, 64, 12),
(110, 59, 12),
(111, 54, 12),
(112, 44, 12),
(113, 42, 12),
(114, 53, 12),
(115, 73, 13),
(116, 72, 13),
(117, 88, 13),
(118, 60, 13),
(119, 64, 14);

--
-- Déchargement des données de la table `post`
--

INSERT INTO `post` (`id`, `user_id`, `title`, `content`, `created_at`) VALUES
(18, 30, 'Lorem ipsum dolor sit amet.', 'Duis aute irure dolor in reprehenderit in voluptate velit esse cillum dolore eu fugiat nulla pariatur. Excepteur sint occaecat cupidatat non proident, sunt in culpa qui officia deserunt mollit anim id est laborum.', '2023-10-12 14:28:19'),
(19, 30, 'Lorem ipsum dolor sit amet.', 'Eos ullam repudiandae vel unde quia in molestiae harum et voluptate internos vel velit laudantium. Non repellat eaque At odio voluptates eos error consequatur 33 voluptas numquam sit officiis magnam et modi vero.', '2023-10-12 14:28:52'),
(20, 30, 'exercitationem est impedit inventore', 'Eos ullam repudiandae vel unde quia in molestiae harum et voluptate internos vel velit laudantium. Non repellat eaque At odio voluptates eos error consequatur 33 voluptas numquam sit officiis magnam et modi vero.', '2023-10-12 14:29:18'),
(21, 29, 'Lorem ipsum dolor sit amet.', 'Sed nihil possimus et voluptatem iste et possimus dolorem ut galisum rerum ut enim reprehenderit. Sit cupiditate tempore vel similique fugiat et saepe veritatis. Ut laboriosam amet sed ipsa nostrum est fugit eveniet non esse sunt et earum voluptatem.', '2023-10-12 14:35:08'),
(22, 29, 'Lorem ipsum dolor sit amet.', 'Sed nihil possimus et voluptatem iste et possimus dolorem ut galisum rerum ut enim reprehenderit. Sit cupiditate tempore vel similique fugiat et saepe veritatis. Ut laboriosam amet sed ipsa nostrum est fugit eveniet non esse sunt et earum voluptatem.', '2023-10-12 14:35:21'),
(23, 29, 'Lorem ipsum dolor sit amet.', 'Sed nihil possimus et voluptatem iste et possimus dolorem ut galisum rerum ut enim reprehenderit. Sit cupiditate tempore vel similique fugiat et saepe veritatis. Ut laboriosam amet sed ipsa nostrum est fugit eveniet non esse sunt et earum voluptatem.', '2023-10-12 14:35:30'),
(24, 28, 'Lorem ipsum dolor sit amet.', 'Sed nihil possimus et voluptatem iste et possimus dolorem ut galisum rerum ut enim reprehenderit. Sit cupiditate tempore vel similique fugiat et saepe veritatis. Ut laboriosam amet sed ipsa nostrum est fugit eveniet non esse sunt et earum voluptatem.', '2023-10-12 14:44:00'),
(25, 8, 'quo animi delectus qui quisquam illo.', 'Sit saepe consequatur rem quia soluta in ullam dolorem. Qui rerum temporibus sed itaque quia in recusandae culpa aut vero laboriosam.', '2023-10-12 17:13:10'),
(26, 8, 'Lorem ipsum dolor sit amet.', 'Qui provident quia id odit molestiae est dolor explicabo. Qui fuga galisum ex explicabo voluptatem et omnis error non quia nesciunt ad quia suscipit eos numquam consequatur id placeat dolorem', '2023-10-12 17:13:30'),
(27, 8, 'Lorem ipsum dolor sit amet.', 'Et labore voluptatibus in facilis quisquam sed dolor quis ea enim placeat sed aliquid voluptatem nam nihil molestias sit sunt numquam', '2023-10-12 17:13:45'),
(28, 8, 'Lorem ipsum dolor sit amet.', 'Et Quis minus qui perspiciatis mollitia ex rerum aliquam quo iste delectus. Et perspiciatis sequi sit voluptas voluptas qui molestiae autem qui repellat possimus ex laudantium necessitatibus.', '2023-10-12 17:14:16'),
(29, 8, 'Lorem ipsum dolor sit amet.', 'Aut molestiae omnis ad dolore maiores sed beatae molestiae ex eligendi soluta At omnis omnis et voluptatum facilis.', '2023-10-12 17:14:43'),
(30, 27, 'Lorem ipsum dolor sit amet.', 'Aut perferendis voluptates sed dolor commodi ut tempora quam et libero consequatur ab dolores voluptatem et minus assumenda et nemo ullam.', '2023-10-12 17:19:45'),
(31, 27, 'Lorem ipsum dolor sit amet.', 'Aut perferendis voluptates sed dolor commodi ut tempora quam et libero consequatur ab dolores voluptatem et minus assumenda et nemo ullam.', '2023-10-12 17:20:00'),
(32, 27, 'Lorem ipsum dolor sit amet.', 'Aut perferendis voluptates sed dolor commodi ut tempora quam et libero consequatur ab dolores voluptatem et minus assumenda et nemo ullam.', '2023-10-12 17:20:06'),
(33, 27, 'Lorem ipsum dolor sit amet.', 'Aut perferendis voluptates sed dolor commodi ut tempora quam et libero consequatur ab dolores voluptatem et minus assumenda et nemo ullam.', '2023-10-12 17:20:15'),
(34, 27, 'Lorem ipsum dolor sit amet.', 'Aut perferendis voluptates sed dolor commodi ut tempora quam et libero consequatur ab dolores voluptatem et minus assumenda et nemo ullam.', '2023-10-12 17:20:21'),
(35, 25, 'Lorem ipsum dolor sit amet.', 'Ex reprehenderit ipsa ut error praesentium est vero rerum qui dolores voluptas.', '2023-10-12 17:28:51'),
(36, 25, 'Lorem ipsum dolor sit', 'Ex reprehenderit ipsa ut error praesentium est vero rerum qui dolores voluptas.', '2023-10-12 17:29:08'),
(38, 23, 'Lorem ipsum dolor sit amet.', 'Quis unde hic quia soluta eum sunt magni aut debitis accusamus et dolor soluta in dolorem molestias.', '2023-10-12 17:58:29'),
(39, 23, 'Lorem ipsum dolor sit amet.', 'Quis unde hic quia soluta eum sunt magni aut debitis accusamus et dolor soluta in dolorem molestias.', '2023-10-12 17:58:36'),
(40, 23, 'Lorem ipsum dolor sit amet.', 'Quis unde hic quia soluta eum sunt magni aut debitis accusamus et dolor soluta in dolorem molestias.', '2023-10-12 17:58:42'),
(41, 23, 'Lorem ipsum dolor sit amet.', 'Quis unde hic quia soluta eum sunt magni aut debitis accusamus et dolor soluta in dolorem molestias.', '2023-10-12 17:58:48'),
(42, 22, 'Lorem ipsum dolor sit amet.', 'Quis unde hic quia soluta eum sunt magni aut debitis accusamus et dolor soluta in dolorem molestias.', '2023-10-12 17:59:40'),
(44, 22, 'Lorem ipsum dolor sit amet.', 'Quis unde hic quia soluta eum sunt magni aut debitis accusamus et dolor soluta in dolorem molestias.', '2023-10-12 18:00:05'),
(45, 21, 'Lorem ipsum dolor sit amet.', 'Non voluptatum nostrum et sapiente dolorem non laboriosam omnis est mollitia labore At libero excepturi!', '2023-10-12 18:03:04'),
(46, 21, 'Lorem ipsum dolor sit amet.', 'Non voluptatum nostrum et sapiente dolorem non laboriosam omnis est mollitia labore At libero excepturi!', '2023-10-12 18:03:11'),
(47, 21, 'Lorem ipsum dolor sit amet.', 'Non voluptatum nostrum et sapiente dolorem non laboriosam omnis est mollitia labore At libero excepturi!', '2023-10-12 18:03:19'),
(48, 21, 'Lorem ipsum dolor sit amet.', 'Non voluptatum nostrum et sapiente dolorem non laboriosam omnis est mollitia labore At libero excepturi!', '2023-10-12 18:03:26'),
(49, 21, 'Lorem ipsum dolor sit amet.', 'Non voluptatum nostrum et sapiente dolorem non laboriosam omnis est mollitia labore At libero excepturi!', '2023-10-12 18:03:34'),
(50, 20, 'Lorem ipsum dolor sit amet.', 'Et repudiandae nemo qui itaque itaque et saepe recusandae. Eum dolores sunt et dolore labore cum nihil beatae non odio dolorem ea suscipit harum.', '2023-10-12 18:06:43'),
(51, 20, 'Lorem ipsum dolor sit amet.', 'Et repudiandae nemo qui itaque itaque et saepe recusandae. Eum dolores sunt et dolore labore cum nihil beatae non odio dolorem ea suscipit harum.', '2023-10-12 18:06:49'),
(52, 20, 'Lorem ipsum dolor sit amet.', 'Et repudiandae nemo qui itaque itaque et saepe recusandae. Eum dolores sunt et dolore labore cum nihil beatae non odio dolorem ea suscipit harum.', '2023-10-12 18:06:56'),
(53, 20, 'Lorem ipsum dolor sit amet.', 'Et repudiandae nemo qui itaque itaque et saepe recusandae. Eum dolores sunt et dolore labore cum nihil beatae non odio dolorem ea suscipit harum.', '2023-10-12 18:07:02'),
(54, 20, 'Lorem ipsum dolor sit amet.', 'Et repudiandae nemo qui itaque itaque et saepe recusandae. Eum dolores sunt et dolore labore cum nihil beatae non odio dolorem ea suscipit harum.', '2023-10-12 18:07:09'),
(55, 19, 'Lorem ipsum dolor sit amet.', 'Sit mollitia quae sit officiis ipsa ut delectus veritatis ab natus temporibus non galisum dolorum.', '2023-10-12 18:09:28'),
(56, 19, 'Lorem ipsum dolor sit amet.', 'Sit mollitia quae sit officiis ipsa ut delectus veritatis ab natus temporibus non galisum dolorum.', '2023-10-12 18:09:36'),
(57, 19, 'Lorem ipsum dolor sit amet.', 'Sit mollitia quae sit officiis ipsa ut delectus veritatis ab natus temporibus non galisum dolorum.', '2023-10-12 18:09:43'),
(58, 19, 'Lorem ipsum dolor sit amet.', 'Sit mollitia quae sit officiis ipsa ut delectus veritatis ab natus temporibus non galisum dolorum.', '2023-10-12 18:09:50'),
(59, 19, 'Lorem ipsum dolor sit amet.', 'Sit mollitia quae sit officiis ipsa ut delectus veritatis ab natus temporibus non galisum dolorum.', '2023-10-12 18:09:58'),
(60, 19, 'Lorem ipsum dolor sit amet.', 'Sit mollitia quae sit officiis ipsa ut delectus veritatis ab natus temporibus non galisum dolorum.', '2023-10-12 18:10:04'),
(61, 18, 'Lorem ipsum dolor sit amet.', 'Id velit assumenda nam voluptas consequuntur est similique inventore eos sint dignissimos et quia aliquid sit exercitationem ullam ad error dolor.', '2023-10-12 18:13:03'),
(62, 18, 'Lorem ipsum dolor sit amet.', 'Id velit assumenda nam voluptas consequuntur est similique inventore eos sint dignissimos et quia aliquid sit exercitationem ullam ad error dolor.', '2023-10-12 18:13:09'),
(63, 18, 'Lorem ipsum dolor sit amet.', 'Id velit assumenda nam voluptas consequuntur est similique inventore eos sint dignissimos et quia aliquid sit exercitationem ullam ad error dolor.', '2023-10-12 18:15:03'),
(64, 18, 'Lorem ipsum dolor sit amet.', 'Id velit assumenda nam voluptas consequuntur est similique inventore eos sint dignissimos et quia aliquid sit exercitationem ullam ad error dolor.', '2023-10-12 18:15:10'),
(65, 17, 'Lorem ipsum dolor sit amet.', 'Eum suscipit expedita in rerum minima ab consectetur asperiores. Et molestias fuga eum illo reiciendis id numquam nihil.', '2023-10-12 18:16:51'),
(66, 17, 'Lorem ipsum dolor sit amet.', 'Eum suscipit expedita in rerum minima ab consectetur asperiores. Et molestias fuga eum illo reiciendis id numquam nihil.', '2023-10-12 18:17:00'),
(67, 17, 'Lorem ipsum dolor sit amet.', 'xEum suscipit expedita in rerum minima ab consectetur asperiores. Et molestias fuga eum illo reiciendis id numquam nihil.', '2023-10-12 18:17:08'),
(68, 10, 'Lorem ipsum dolor sit amet.', 'Hic dolor doloremque eos nobis ipsum in nostrum possimus. Vel adipisci minus ut numquam minus id nemo sint est consequatur perferendis vel animi doloribus.', '2023-10-12 18:24:51'),
(69, 10, 'Lorem ipsum dolor sit amet.', 'Hic dolor doloremque eos nobis ipsum in nostrum possimus. Vel adipisci minus ut numquam minus id nemo sint est consequatur perferendis vel animi doloribus.', '2023-10-12 18:25:01'),
(70, 10, 'Lorem ipsum dolor sit amet.', 'Hic dolor doloremque eos nobis ipsum in nostrum possimus. Vel adipisci minus ut numquam minus id nemo sint est consequatur perferendis vel animi doloribus.', '2023-10-12 18:25:07'),
(71, 10, 'Lorem ipsum dolor sit amet.', 'Hic dolor doloremque eos nobis ipsum in nostrum possimus. Vel adipisci minus ut numquam minus id nemo sint est consequatur perferendis vel animi doloribus.', '2023-10-12 18:25:12'),
(72, 10, 'Lorem ipsum dolor sit amet.', 'Hic dolor doloremque eos nobis ipsum in nostrum possimus. Vel adipisci minus ut numquam minus id nemo sint est consequatur perferendis vel animi doloribus.', '2023-10-12 18:25:30'),
(73, 10, 'Lorem ipsum dolor sit amet.', 'Hic dolor doloremque eos nobis ipsum in nostrum possimus. Vel adipisci minus ut numquam minus id nemo sint est consequatur perferendis vel animi doloribus.', '2023-10-12 18:25:37'),
(74, 11, 'Lorem ipsum dolor sit amet.', 'Sed architecto facere aut voluptate atque quo accusamus facere ut iste sint non iste laborum. Id adipisci dolores id vitae dignissimos ut necessitatibus excepturi sed voluptas officiis.', '2023-10-12 18:48:13'),
(75, 11, 'Lorem ipsum dolor sit amet.', 'Sed architecto facere aut voluptate atque quo accusamus facere ut iste sint non iste laborum. Id adipisci dolores id vitae dignissimos ut necessitatibus excepturi sed voluptas officiis.', '2023-10-12 18:48:18'),
(76, 11, 'Lorem ipsum dolor sit amet.', 'Sed architecto facere aut voluptate atque quo accusamus facere ut iste sint non iste laborum. Id adipisci dolores id vitae dignissimos ut necessitatibus excepturi sed voluptas officiis.', '2023-10-12 18:48:24'),
(77, 11, 'Lorem ipsum dolor sit amet.', 'Sed architecto facere aut voluptate atque quo accusamus facere ut iste sint non iste laborum. Id adipisci dolores id vitae dignissimos ut necessitatibus excepturi sed voluptas officiis.', '2023-10-12 18:48:31'),
(78, 11, 'Lorem ipsum dolor sit amet.', 'Sed architecto facere aut voluptate atque quo accusamus facere ut iste sint non iste laborum. Id adipisci dolores id vitae dignissimos ut necessitatibus excepturi sed voluptas officiis.', '2023-10-12 18:48:44'),
(79, 11, 'Lorem ipsum dolor sit amet.', 'Sed architecto facere aut voluptate atque quo accusamus facere ut iste sint non iste laborum. Id adipisci dolores id vitae dignissimos ut necessitatibus excepturi sed voluptas officiis.', '2023-10-12 18:48:50'),
(80, 9, 'Lorem ipsum dolor sit amet.', 'Lorem ipsum dolor sit amet. Sit sint deserunt cum aliquid ipsa in exercitationem expedita. Sed repellat repellat aut provident nihil aut eaque voluptates.', '2023-10-12 18:50:32'),
(81, 9, 'Lorem ipsum dolor sit amet.', 'Lorem ipsum dolor sit amet. Sit sint deserunt cum aliquid ipsa in exercitationem expedita. Sed repellat repellat aut provident nihil aut eaque voluptates.', '2023-10-12 18:50:39'),
(82, 9, 'Lorem ipsum dolor sit amet.', 'Lorem ipsum dolor sit amet. Sit sint deserunt cum aliquid ipsa in exercitationem expedita. Sed repellat repellat aut provident nihil aut eaque voluptates.', '2023-10-12 18:50:45'),
(83, 9, 'Lorem ipsum dolor sit amet.', 'Lorem ipsum dolor sit amet. Sit sint deserunt cum aliquid ipsa in exercitationem expedita. Sed repellat repellat aut provident nihil aut eaque voluptates.', '2023-10-12 18:50:52'),
(84, 12, 'Lorem ipsum dolor sit amet.', 'Qui blanditiis beatae ut placeat dolor vel quisquam voluptatem. Eos officia laboriosam ut necessitatibus eligendi non omnis sint hic distinctio pariatur!', '2023-10-12 18:52:41'),
(85, 12, 'Lorem ipsum dolor sit amet.', 'Qui blanditiis beatae ut placeat dolor vel quisquam voluptatem. Eos officia laboriosam ut necessitatibus eligendi non omnis sint hic distinctio pariatur!', '2023-10-12 18:52:48'),
(86, 12, 'Lorem ipsum dolor sit amet.', 'Qui blanditiis beatae ut placeat dolor vel quisquam voluptatem. Eos officia laboriosam ut necessitatibus eligendi non omnis sint hic distinctio pariatur!', '2023-10-12 18:52:54'),
(87, 12, 'Lorem ipsum dolor sit amet.', 'Qui blanditiis beatae ut placeat dolor vel quisquam voluptatem. Eos officia laboriosam ut necessitatibus eligendi non omnis sint hic distinctio pariatur!', '2023-10-12 18:52:59'),
(88, 12, 'Lorem ipsum dolor sit amet.', 'Qui blanditiis beatae ut placeat dolor vel quisquam voluptatem. Eos officia laboriosam ut necessitatibus eligendi non omnis sint hic distinctio pariatur!', '2023-10-12 18:53:05'),
(89, 14, 'Lorem ipsum dolor sit amet.', 'Non dolorem unde non eligendi vero est totam voluptatem sit harum facere aut fugiat deserunt quo earum blanditiis et velit cupiditate!', '2023-10-12 18:58:04'),
(90, 14, 'Lorem ipsum dolor sit amet.', 'Non dolorem unde non eligendi vero est totam voluptatem sit harum facere aut fugiat deserunt quo earum blanditiis et velit cupiditate!', '2023-10-12 18:58:09'),
(91, 14, 'Lorem ipsum dolor sit amet.', 'Non dolorem unde non eligendi vero est totam voluptatem sit harum facere aut fugiat deserunt quo earum blanditiis et velit cupiditate!', '2023-10-12 18:58:14');

--
-- Déchargement des données de la table `user`
--

INSERT INTO `user` (`id`, `username`, `email`, `password`, `created_at`, `roles`) VALUES
(8, 'poppy', 'poppy@gmail.com', '$2y$13$80eJWZqsvAqY.Q/wjwYHmuW5NkBtEuXdbB8O7jE1CSy4mSo0w2eUi', '2023-04-25 13:11:24', '[]'),
(9, 'noelie', 'noelie@gmail.com', '$2y$13$QJ04b/JLZ85xyCJUXMp.OOCASDu2EA6JpJiv2Drx0ZA5VqDerPrvi', '2023-04-25 13:14:03', '[]'),
(10, 'barbie', 'barbie@gmail.com', '$2y$13$UdXvwUp6qP3H9K6ovSewuejvUnmhMb/SYstI.H4T/gQVmhaSKKsu6', '2023-04-25 13:17:52', '[]'),
(11, 'pierre', 'pierre@gmail.com', '$2y$13$s4EA3vuX.fcziXNHD8McUeugWw32dynjtL.GphljSUHyhR3Cl.2Gu', '2023-04-26 09:07:37', '[]'),
(12, 'toto', 'toto@gmail.com', '$2y$13$QnjhosO0J9UkkdT6WJ43leRr/Qtt2dQXHLHVeDTBKt41HSHPRdNsO', '2023-04-26 09:11:25', '[]'),
(13, 'titi', 'titi@gmail.com', '$2y$13$TvlR1b6aLF/mV7w2GqbiXO1UL7kiFwkGcdWC3iYch6fnvhn3XBEca', '2023-04-26 09:36:53', '[]'),
(14, 'xavier', 'xavier@gmail.com', '$2y$13$WcOQzxzjYHozFyD7ntU4IeBcwzxb4b4iV5O0YUjgmOFOtv5OFjKmq', '2023-07-05 22:54:30', '[]'),
(15, 'fgh', 'fhh', '$2y$13$5r99pKkyzgNdyDbXTUDgkuJdCIqwA1JxRBHjvzOeiOZka7gX934bm', '2023-09-18 17:15:41', '[]'),
(16, 'zozo', 'noelie.radiguet@3wa.com', '$2y$13$6NeqzhOAJ6Y.acfQHET7BuL86gwISR/ONBdm5fEW9MPxe0Om8BWLG', '2023-09-18 17:26:10', '[]'),
(17, 'zizo', 'zizo@zizo.com', '$2y$13$eBD3V36EXoqJ.iNO1qqjQ.7sf6VwHbHUWy19UckU3kKaHELDC9D6K', '2023-09-18 17:26:35', '[]'),
(18, 'joubinette', 'joubinette@gmail.com', '$2y$13$ED649qa06uZwdguu5owHYuV4uQsW.wLItYOzsg1MLFJA81/F9Dxeq', '2023-10-12 13:27:21', '[]'),
(19, 'barbie-420', 'barbie@gmail.com', '$2y$13$wWle5jjlvguyaHkH7Gq1Hu1RzLhKmi7yAGYUcABjh7PXFL08ipxO.', '2023-10-12 14:18:28', '[]'),
(20, 'x-barbie-x', 'kaxejota@mailinator.com', '$2y$13$NxuZ/OYOy7uasJxjXtXdme5fQ41q6isd9/fa7sbSueRyqI2lP5Fwq', '2023-10-12 14:23:11', '[]'),
(21, 'hugohijo', 'wypo@mailinator.com', '$2y$13$0jMTLm16TFPc4oQcnwfD5./yMnOrNluMhWxzeBpSFRQBfm7IcD/Xy', '2023-10-12 14:23:28', '[]'),
(22, 'penab', 'hyxequgo@mailinator.com', '$2y$13$s/45nRwmBo2dj8Uhq6zuReDDto.NnsOqaEYAch7waoVZ.9ku0w97K', '2023-10-12 14:23:42', '[]'),
(23, 'sysixuk', 'cywoteq@mailinator.com', '$2y$13$mDTK.30Rvb/mxw2I8zEup.JpmIq4VqJjNuLDd7kfs472aiDOwgbwi', '2023-10-12 14:23:55', '[]'),
(24, 'geteqok', 'fohadukydi@mailinator.com', '$2y$13$z17Egie/1tAHB10stePgX.Z4RBXHYcOYg4d1A1Mmci7dSCbrgTEXO', '2023-10-12 14:24:07', '[]'),
(25, 'luzuk', 'pyxir@mailinator.com', '$2y$13$22lpCK.r.wP7SeJq6IwbNO6Z9C5yoHw/pNKhiBcliyeKLvEFFbDRm', '2023-10-12 14:24:19', '[]'),
(26, 'poppynette', 'teqosomu@mailinator.com', '$2y$13$c892oX9RFnhfCWHwltKbMOxx5EfOfTvysNgN2BiuAJDSoMWG9oToq', '2023-10-12 14:24:36', '[]'),
(27, 'copidihija', 'bawuqizix@mailinator.com', '$2y$13$5S.vNVoFfms3/O2uGkWgU.d4sliKr6H58vEK6Id2pjJ98srmMC5TK', '2023-10-12 14:24:52', '[]'),
(28, 'xupiqe', 'miwipy@mailinator.com', '$2y$13$q8tO7oF3wsAMQqhhmPb37eH6WMZQ42PQ5mHWtLn2mBbW.C.WP3Qwm', '2023-10-12 14:25:05', '[]'),
(29, 'barbie-75011', 'wequdijib@mailinator.com', '$2y$13$dnjWEb2I7JcGWTL50M6KHOVeAh9VdZU6mstg.G.J3KyFi3A0j8f2u', '2023-10-12 14:26:02', '[]'),
(30, 'hi-barbie', 'recovoxofa@mailinator.com', '$2y$13$oiq8yt06cSfvY/KmlwwnHuWUnIi/dVWLbauXkxwRZ04pYQecBSI2O', '2023-10-12 14:26:18', '[]');
COMMIT;

/*!40101 SET CHARACTER_SET_CLIENT=@OLD_CHARACTER_SET_CLIENT */;
/*!40101 SET CHARACTER_SET_RESULTS=@OLD_CHARACTER_SET_RESULTS */;
/*!40101 SET COLLATION_CONNECTION=@OLD_COLLATION_CONNECTION */;
